persona,ticker,date,verdict,conviction,price_at_call,sector,rsi_14,off_52w_high_pct,trend_template
oneil,126640.KS,2026-06-11,SELL,0.9,4430.0,Unknown,90.21578106439594,0.0,1
oneil,688549.SS,2026-06-11,SELL,0.9,29.450000762939453,Basic Materials,85.43083620140669,0.0,1
oneil,4392.T,2026-06-11,SELL,0.9,1719.0,Technology,57.50326221066209,-33.13885647607935,1
oneil,FAC,2026-06-11,SELL,0.9,21.940000534057617,Industrials,88.51229060316211,0.0,1
oneil,OPTX,2026-06-11,SELL,0.9,12.800000190734863,Technology,60.426717448119554,-3.2501841752050438,1
oneil,3905.T,2026-06-11,SELL,0.9,4490.0,Technology,54.877805609765865,-26.87296416938111,1
oneil,S2NW34.SA,2026-06-11,SELL,0.9,31.0,Technology,65.95529412169807,-16.396983632192423,0
oneil,183300.KS,2026-06-11,SELL,0.9,107100.0,Unknown,63.04648807921012,-1.3812154696132597,1
oneil,4807.TW,2026-06-11,SELL,0.9,37.29999923706055,Consumer Cyclical,74.687097814151,-3.116885098544034,1
oneil,9444.T,2026-06-11,SELL,0.9,289.0,Consumer Cyclical,60.56143978703178,-54.41640378548895,0
minervini,VELO,2026-06-11,SELL,0.8,22.68000030517578,Technology,58.673178813653195,-12.09301947343869,1
minervini,3441.TWO,2026-06-11,SELL,0.8,66.30000305175781,Technology,71.64358409026474,0.0,1
minervini,085620.KS,2026-06-11,SELL,0.8,25550.0,Financial Services,76.03763946938489,0.0,1
minervini,2442.HK,2026-06-11,SELL,0.8,54.0,Industrials,68.20590244039921,0.0,1
minervini,6834.TW,2026-06-11,SELL,0.8,73.9000015258789,Technology,60.438849265417794,-9.249432353441318,1
minervini,6155.TW,2026-06-11,SELL,0.8,80.4000015258789,Technology,68.94601138510268,-0.3717415535414289,1
minervini,5345.TWO,2026-06-11,SELL,0.8,35.04999923706055,Technology,82.21698823748292,0.0,0
minervini,285A.T,2026-06-11,SELL,0.8,72610.0,Technology,63.68919516326407,-7.077041208088048,1
minervini,300666.SZ,2026-06-11,SELL,0.8,292.3999938964844,Technology,75.31270561168449,0.0,1
minervini,ELECTHERM.NS,2026-06-11,SELL,0.8,1146.800048828125,Basic Materials,71.36515929323703,-8.853910877996238,0
qullamaggie,4179.T,2026-06-11,PASS,0.0,420.0,Technology,62.3884960247548,-12.133891213389122,0
qullamaggie,388790.KS,2026-06-11,PASS,0.0,7080.0,Unknown,61.90242923440604,-15.714285714285714,1
qullamaggie,GRANDOAK.BO,2026-06-11,PASS,0.0,39.25,Financial Services,77.72048545064558,-39.35414205856904,0
qullamaggie,688545.SS,2026-06-11,PASS,0.0,104.5199966430664,Basic Materials,71.04538874705653,0.0,1
qullamaggie,002971.SZ,2026-06-11,PASS,0.0,52.75,Basic Materials,80.71801175739706,0.0,1
qullamaggie,300334.SZ,2026-06-11,PASS,0.0,12.65999984741211,Industrials,84.95269421966725,0.0,1
qullamaggie,GENESYS.NS,2026-06-11,PASS,0.0,329.54998779296875,Technology,70.08435526374043,-52.86756549778351,0
qullamaggie,131290.KS,2026-06-11,PASS,0.0,207500.0,Unknown,53.932920320774116,-14.959016393442623,1
qullamaggie,6241.TWO,2026-06-11,PASS,0.0,12.649999618530273,Technology,72.63424746720771,-9.318997910461944,0
qullamaggie,007810.KS,2026-06-11,PASS,0.0,134200.0,Technology,65.0858343977279,0.0,1
lynch,1888.HK,2026-06-11,SELL,0.8,61.900001525878906,Technology,67.99431394890414,-0.8877019608235963,1
lynch,688141.SS,2026-06-11,SELL,0.8,121.20999908447266,Technology,66.70978205849663,0.0,1
lynch,300706.SZ,2026-06-11,SELL,0.8,64.13999938964844,Basic Materials,70.91345200831435,0.0,1
lynch,688020.SS,2026-06-11,SELL,0.8,185.10000610351562,Technology,65.4689079579565,0.0,1
lynch,INOXINDIA.BO,2026-06-11,SELL,0.8,1897.5,Industrials,81.62000574438547,0.0,1
lynch,002119.SZ,2026-06-11,SELL,0.8,31.200000762939453,Technology,73.48671265090897,0.0,1
lynch,688530.SS,2026-06-11,SELL,0.8,64.19000244140625,Technology,68.13861878429844,0.0,1
lynch,INOXINDIA.NS,2026-06-11,SELL,0.8,1891.5999755859375,Industrials,81.92891056446578,0.0,1
lynch,CARTRADE.NS,2026-06-11,SELL,0.8,2451.39990234375,Consumer Cyclical,81.13419086696794,-24.98776308617656,0
lynch,CARTRADE.BO,2026-06-11,SELL,0.8,2452.5,Consumer Cyclical,80.8582755894494,-24.962139100131903,0
buffett,6072.T,2026-06-11,AVOID,0.9,1500.0,Industrials,56.116523552128044,-19.957310565635005,1
buffett,2531.T,2026-06-11,AVOID,0.9,2213.0,Consumer Defensive,64.72734169131928,-1.094972067039106,1
buffett,2768.HK,2026-06-11,AVOID,0.9,66.0999984741211,Basic Materials,50.0,0.0,0
buffett,166A.T,2026-06-11,AVOID,0.9,1065.0,Technology,78.74649596804547,0.0,1
buffett,0995.HK,2026-06-11,AVOID,0.9,17.25,Industrials,63.43626863726527,-1.3722114022807703,1
buffett,1109.HK,2026-06-11,AVOID,0.9,36.7599983215332,Real Estate,62.03673724384848,-4.270841508275608,1
buffett,0921.HK,2026-06-11,AVOID,0.9,26.780000686645508,Consumer Cyclical,73.9164518281692,-0.4460926899125434,0
buffett,2802.T,2026-06-11,AVOID,0.9,5086.0,Consumer Defensive,51.162897473475226,-8.22807650667629,1
buffett,7412.T,2026-06-11,AVOID,0.9,690.0,Consumer Cyclical,59.716075832058124,-1.146131805157593,1
buffett,7803.T,2026-06-11,AVOID,0.9,281.0,Communication Services,67.56228469516562,-26.470935370213944,0
david-ryan,2243.TW,2026-06-11,SELL,0.8,32.099998474121094,Consumer Cyclical,68.95291347564176,0.0,1
david-ryan,1714.TW,2026-06-11,SELL,0.8,13.949999809265137,Basic Materials,74.16454295652346,0.0,1
david-ryan,8289.TWO,2026-06-11,SELL,0.8,69.9000015258789,Technology,60.86457806515889,-7.6618172472699975,1
david-ryan,8182.TWO,2026-06-11,SELL,0.8,52.099998474121094,Technology,67.53932806091643,0.0,1
david-ryan,GENESYS.BO,2026-06-11,SELL,0.8,328.95001220703125,Technology,69.86434940325074,-52.950010624298436,0
david-ryan,4556.TWO,2026-06-11,SELL,0.8,60.79999923706055,Industrials,83.98312479854987,0.0,1
david-ryan,7722.TW,2026-06-11,SELL,0.8,369.5,Technology,77.42527245463728,-51.387657520273386,0
david-ryan,3285.TWO,2026-06-11,SELL,0.8,37.650001525878906,Technology,76.75125689195448,0.0,1
david-ryan,079650.KS,2026-06-11,SELL,0.8,1272.0,Unknown,55.74978491444309,-33.403141361256544,0
david-ryan,6174.TWO,2026-06-11,SELL,0.8,50.5,Technology,67.29441073410041,0.0,1
